﻿<ServerManagerConfiguration>
  <ProxyGroup name="filters">
    <SourceProxy class="vtkPythonProgrammableFilter" label="LIGGGHTS - Superquadric visualiser (VTK)" name="LiggghtsSuperquadricVTK">
      <Documentation long_help="Filter to read and visualise *.vtk files with superquadric particles. (v2.0)" short_help="LIGGGHTS - Superquadric visualiser (VTK)"/>
      <InputProperty name="Input" command="SetInputConnection">
        <ProxyGroupDomain name="groups">
          <Group name="sources"/>
          <Group name="filters"/>
        </ProxyGroupDomain>
        <DataTypeDomain name="input_type">
          <DataType value="vtkPolyData"/>
        </DataTypeDomain>
      </InputProperty>
      <IntVectorProperty name="mainaxis" label="Main axis" initial_string="mainaxis" command="SetParameter" animateable="1" default_values="1" number_of_elements="1">
        <Documentation>Main axis of superquadric particles (usually y for Paraview)</Documentation>
        <EnumerationDomain name="enum">
          <Entry text="X" value="0"/>
          <Entry text="Y" value="1"/>
          <Entry text="Z" value="2"/>
        </EnumerationDomain>
      </IntVectorProperty>
      <IntVectorProperty name="phiresolution" label="Phi resolution" initial_string="phiresolution" command="SetParameter" animateable="1" default_values="6" number_of_elements="1">
        <Documentation>Phi resolution for superquadric particle</Documentation>
      </IntVectorProperty>
      <IntVectorProperty name="thetaresolution" label="Theta resolution" initial_string="thetaresolution" command="SetParameter" animateable="1" default_values="6" number_of_elements="1">
        <Documentation>Theta resolution for superquadric particle</Documentation>
      </IntVectorProperty>
      <IntVectorProperty name="toroid" label="Toroid representation" initial_string="toroid" command="SetParameter" animateable="1" default_values="0" number_of_elements="1">
        <Documentation>Represent superquadric particle as toroid (Off = no, On = yes)</Documentation>
        <BooleanDomain name="bool"/>
      </IntVectorProperty>
      <DoubleVectorProperty name="toroidthickness" label="Toroid thickness" initial_string="toroidthickness" command="SetParameter" animateable="1" default_values="0.5" number_of_elements="1">
        <Documentation>Toroid thickness (0 = thin, 1 = thick)</Documentation>
        <DoubleRangeDomain max="1.0" min="0.0" name="range"/>
      </DoubleVectorProperty>
      <IntVectorProperty name="toroidmode" label="Toroid mode" initial_string="toroidmode" command="SetParameter" animateable="1" default_values="0" number_of_elements="1">
        <Documentation>Toroid visualisation type (fixed height or surface area)</Documentation>
        <EnumerationDomain name="enum">
          <Entry text="Fixed height" value="0"/>
          <Entry text="Fixed surface area" value="1"/>
        </EnumerationDomain>
      </IntVectorProperty>
      <DoubleVectorProperty name="basicscale" label="Scale" initial_string="basicscale" command="SetParameter" animateable="1" default_values="1.0" number_of_elements="1">
        <Documentation>Scale factor for superquadric particle</Documentation>
      </DoubleVectorProperty>
      <StringVectorProperty name="n1name" label="Blockiness 1 property name" initial_string="n1name" command="SetParameter" animateable="1" default_values="blockiness1" number_of_elements="1" panel_visibility="advanced">
      </StringVectorProperty>
      <StringVectorProperty name="n2name" label="Blockiness 2 property name" initial_string="n2name" command="SetParameter" animateable="1" default_values="blockiness2" number_of_elements="1" panel_visibility="advanced">
      </StringVectorProperty>
      <StringVectorProperty name="scalexname" label="Shape x property name" initial_string="scalexname" command="SetParameter" animateable="1" default_values="shapex" number_of_elements="1" panel_visibility="advanced">
      </StringVectorProperty>
      <StringVectorProperty name="scaleyname" label="Shape y property name" initial_string="scaleyname" command="SetParameter" animateable="1" default_values="shapey" number_of_elements="1" panel_visibility="advanced">
      </StringVectorProperty>
      <StringVectorProperty name="scalezname" label="Shape z property name" initial_string="scalezname" command="SetParameter" animateable="1" default_values="shapez" number_of_elements="1" panel_visibility="advanced">
      </StringVectorProperty>
      <StringVectorProperty name="mname" label="Tensor orientation property name" initial_string="mname" command="SetParameter" animateable="1" default_values="TENSOR" number_of_elements="1" panel_visibility="advanced">
      </StringVectorProperty>
      <StringVectorProperty name="switchname" label="Skip data switch property name" initial_string="switchname" command="SetParameter" animateable="1" default_values="is_wall" number_of_elements="1" panel_visibility="advanced">
      </StringVectorProperty>
      <IntVectorProperty command="SetOutputDataSetType" default_values="4" name="OutputDataSetType" number_of_elements="1" panel_visibility="never">
        <Documentation>The value of this property determines the dataset type for the output of the programmable filter.</Documentation>
      </IntVectorProperty>
      <StringVectorProperty command="SetScript" default_values="#Programmable filter&#xa;#input = rigid*.vtk&#xa;#output = vtkUnstructuredGrid&#xa;&#xa;#change according to your dataset&#xa;#mname = &#x22;TENSOR&#x22;&#xa;#n1name = &#x22;blockiness1&#x22;&#xa;#n2name = &#x22;blockiness2&#x22;&#xa;#scalexname = &#x22;shapex&#x22;&#xa;#scaleyname = &#x22;shapey&#x22;&#xa;#scalezname = &#x22;shapez&#x22;&#xa;#switchname = &#x22;is_wall&#x22;&#xa;#mainaxis = 1 # main paraview axis (0=x,1=y,2=z), in newer Paraview versions usually y for superquadric particles&#xa;#phiresolution = 6 # number of points in phi direction&#xa;#thetaresolution = 6 # number of points in theta direction&#xa;#toroid = 0 # is superquadric particle toroid (0=no, 1=yes)&#xa;#toroidthickness = 1 # thickness of toroid (0=large hole, 1=small hole)&#xa;#toroidmode = 0 # toroid visualisation mode (0=keep height, 1=keep surface) &#xa;#basicscale = 1 # basic superquadric scaling&#xa;precision = 1 # output precision (0=single, 1=double)&#xa;&#xa;#imported libraries&#xa;import vtk&#xa;&#xa;#input/output&#xa;input = self.GetInputDataObject(0,0)&#xa;output = self.GetOutputDataObject(0)&#xa;&#xa;#input properties&#xa;iPOINTS=input.GetPointData()&#xa;iBODIES=input.GetNumberOfPoints()&#xa;iARRAYS=iPOINTS.GetNumberOfArrays()&#xa;&#xa;#set main axis rotation&#xa;if mainaxis==0: # if Paraview superquadric main axis is x&#xa;  rotx = 0&#xa;  roty = 90&#xa;  rotz = 0&#xa;if mainaxis==1: # if Paraview superquadric main axis is y&#xa;  rotx = 90&#xa;  roty = 0&#xa;  rotz = 0&#xa;if mainaxis==2: # if Paraview superquadric main axis is z&#xa;  rotx = 0&#xa;  roty = 0&#xa;  rotz = 0&#xa;&#xa;#prepare output&#xa;newPoints = vtk.vtkPoints()&#xa;newCells = vtk.vtkCellArray()&#xa;newCellData = vtk.vtkCellData()&#xa;&#xa;#prepare output arrays&#xa;oARRAYS = 0&#xa;skipMindex = -1&#xa;for i in range(0,iARRAYS):&#xa; iarray=iPOINTS.GetAbstractArray(i)&#xa; iname=iarray.GetName()&#xa; icomp=iarray.GetNumberOfComponents()&#xa; itype=iarray.GetDataType()&#xa; #ignore rotation matrix - for faster skipping remember indexes&#xa; if (iname!=mname):&#xa;   oarray=vtk.vtkAbstractArray.CreateArray(itype)&#xa;   oarray.SetName(iname)   &#xa;   oarray.SetNumberOfComponents(icomp)&#xa;   newCellData.AddArray(oarray)    &#xa;   oARRAYS += 1     &#xa; elif (iname==mname):&#xa;   skipMindex = i&#xa;&#xa;#check consistency&#xa;j = 0&#xa;for i in range(0,iARRAYS):&#xa; iarray=iPOINTS.GetAbstractArray(i)&#xa; iname=iarray.GetName()&#xa; #ignore rotation matrix&#xa; if (i!=skipMindex):&#xa;   oarray=newCellData.GetAbstractArray(j)&#xa;   oname=oarray.GetName()&#xa;   if (iname!=oname):&#xa;     print(&#x22;Error: Non matching input/output array order!&#x22;)&#xa;   j+=1&#xa;&#xa;#create superquadric glyphs&#xa;oCELLPOINTS=0  &#xa;oCELLSURFACES=0 &#xa;for body in range(0,iBODIES):&#xa;&#xa; #skip data if switch is applied&#xa; bswitcharr = iPOINTS.GetArray(switchname)&#xa; if bswitcharr is not None:&#xa;   bswitch = bswitcharr.GetValue(body)&#xa;   if bswitch==1:&#xa;     continue&#xa; &#xa; #get parameters for superquadric particle&#xa;&#xa; #get particle position&#xa; r=input.GetPoint(body)&#xa;&#xa; #get particle rotation matrix&#xa; M=iPOINTS.GetAbstractArray(mname)&#xa;&#xa; #get particle blockiness and shape factors&#xa; n1 = iPOINTS.GetArray(n1name).GetValue(body)&#xa; n2 = iPOINTS.GetArray(n2name).GetValue(body)&#xa; scalex = iPOINTS.GetArray(scalexname).GetValue(body)&#xa; scaley = iPOINTS.GetArray(scaleyname).GetValue(body)&#xa; scalez = iPOINTS.GetArray(scalezname).GetValue(body)&#xa;&#xa; #set toroid representation - make particle with correct height or surface&#xa; if toroid==1:&#xa;   if toroidmode==0:&#xa;     if toroidthickness!=0:&#xa;       scalez = (1.0/toroidthickness+1.0)*scalez&#xa;     else:&#xa;       scalez = 1.0*scalez&#xa;   else:&#xa;     scalez = 1.0*scalez&#xa;&#xa; #compute rotation matrix&#xa; T11=M.GetComponent(body,0)&#xa; T12=M.GetComponent(body,1)&#xa; T13=M.GetComponent(body,2)&#xa; T21=M.GetComponent(body,3)&#xa; T22=M.GetComponent(body,4)&#xa; T23=M.GetComponent(body,5)&#xa; T31=M.GetComponent(body,6)&#xa; T32=M.GetComponent(body,7)&#xa; T33=M.GetComponent(body,8)&#xa;&#xa; #make superquadric source&#xa; superq = vtk.vtkSuperquadricSource()&#xa; superq.SetCenter(0, 0, 0)&#xa; superq.SetScale(scalex, scaley, scalez)&#xa; superq.SetPhiRoundness(2.0/n1)&#xa; superq.SetThetaRoundness(2.0/n2)&#xa; superq.SetThickness(toroidthickness)&#xa; superq.SetToroidal(toroid)&#xa; superq.SetSize(basicscale)&#xa; superq.SetPhiResolution(phiresolution)&#xa; superq.SetThetaResolution(thetaresolution)&#xa; superq.SetOutputPointsPrecision(precision)&#xa;&#xa; #rotate to basic z orientation&#xa; transform = vtk.vtkTransform()&#xa; transform.Translate(0,0,0)&#xa; transform.RotateX(rotx)&#xa; transform.RotateY(roty)&#xa; transform.RotateZ(rotz)&#xa; transform.Scale(1,1,1)&#xa;&#xa; transformFilter=vtk.vtkTransformFilter()&#xa; transformFilter.SetTransform(transform)&#xa; transformFilter.SetInputConnection(superq.GetOutputPort())&#xa; transformFilter.Update()&#xa;&#xa; #get output as polydata&#xa; superquadric = transformFilter.GetOutput()&#xa;&#xa; #get superquadric surfaces&#xa; sSURFACES=superquadric.GetNumberOfCells()&#xa;&#xa; #recreate superquadric surface&#xa; for surface in range(0,sSURFACES):&#xa;   &#xa;   #map particle data to superquadric surface&#xa;   j = 0&#xa;   for i in range(0,iARRAYS):&#xa;     iarray=iPOINTS.GetAbstractArray(i)&#xa;     #ignore rotation matrix&#xa;     if (i!=skipMindex):&#xa;       oarray=newCellData.GetAbstractArray(j)&#xa;       oarray.InsertTuple(oCELLSURFACES, body, iarray)&#xa;       j+=1&#xa;   oCELLSURFACES+=1 &#xa;&#xa;   #get superquadric surface cell&#xa;   cell = superquadric.GetCell(surface)&#xa;&#xa;   #get number of points per superquadric cell&#xa;   sCOUNT=cell.GetNumberOfPoints()&#xa;&#xa;   #tranform points in original cell - rotation in x,y,z&#xa;   for j in range(0,sCOUNT): &#xa;     pointid = cell.GetPointId(j)&#xa;     coord = superquadric.GetPoint(pointid)&#xa;     x, y, z = coord[:3]&#xa;&#xa;     xnew=T11*x+T12*y+T13*z+r[0]&#xa;     ynew=T21*x+T22*y+T23*z+r[1]&#xa;     znew=T31*x+T32*y+T33*z+r[2]&#xa;&#xa;     #add new cell point for output&#xa;     newPoints.InsertPoint(oCELLPOINTS, xnew, ynew, znew)&#xa;&#xa;     oCELLPOINTS+=1&#xa;&#xa;   #create new cell with transformed points&#xa;   newCells.InsertNextCell(sCOUNT)&#xa;   for j in range(0,sCOUNT):&#xa;     #add new cell point for output&#xa;     newCells.InsertCellPoint(oCELLPOINTS-j-1)&#xa;&#xa;#set vtk type enum&#xa;VTK_EMPTY_CELL = 0&#xa;VTK_VERTEX = 1&#xa;VTK_POLY_VERTEX = 2&#xa;VTK_LINE = 3&#xa;VTK_POLY_LINE = 4&#xa;VTK_TRIANGLE = 5&#xa;VTK_TRIANGLE_STRIP = 6&#xa;#set new points and cells to ouput data&#xa;output.SetPoints(newPoints)&#xa;output.SetCells(VTK_TRIANGLE_STRIP,newCells)&#xa;#add new arrays to ouput data&#xa;for i in range(0,oARRAYS):&#xa;  oarray=newCellData.GetAbstractArray(i)&#xa;  output.GetCellData().AddArray(oarray)&#xa;" name="Script" number_of_elements="1" panel_visibility="never">
        <Hints>
          <Widget type="multi_line"/>
        </Hints>
      </StringVectorProperty>
      <StringVectorProperty command="SetInformationScript" default_values="" label="RequestInformationScript" name="InformationScript" number_of_elements="1" panel_visibility="never">
        <Hints>
          <Widget type="multi_line"/>
        </Hints>
      </StringVectorProperty>
      <StringVectorProperty command="SetUpdateExtentScript" default_values="" label="RequestUpdateExtentScript" name="UpdateExtentScript" number_of_elements="1" panel_visibility="never">
        <Hints>
          <Widget type="multi_line"/>
        </Hints>
      </StringVectorProperty>
    </SourceProxy>
  </ProxyGroup>
</ServerManagerConfiguration>
